Meldedatum, difference, group, trend, value
2020-03-03, , trend, , 
2020-03-04, , trend, , 
2020-03-05, , trend, , 
2020-03-06, , trend, , 
2020-03-07, , trend, , 
2020-03-08, , trend, , 
2020-03-09, , trend, , 
2020-03-10, , trend, , 
2020-03-11, , trend, , 
2020-03-12, , trend, , 
2020-03-13, , trend, , 
2020-03-14, , trend, , 
2020-03-15, , trend, , 
2020-03-16, , trend, , 
2020-03-17, , trend, , 
2020-03-18, , trend, , 
2020-03-19, , trend, , 
2020-03-20, , trend, , 
2020-03-21, , trend, , 
2020-03-22, , trend, , 
2020-03-23, , trend, , 
2020-03-24, , trend, , 
2020-03-25, , trend, , 
2020-03-26, , trend, , 
2020-03-27, , trend, , 
2020-03-28, , trend, , 
2020-03-29, , trend, , 
2020-03-30, , trend, , 
2020-03-31, , trend, , 
2020-04-01, , trend, , 
2020-04-02, 1, trend, 0.0044, 1
2020-04-03, 1, trend, 0.0044, 1
2020-04-04, 1, trend, 0.0044, 1
2020-04-05, , trend, , 
2020-04-06, , trend, , 
2020-04-07, , trend, , 
2020-04-08, 1, trend, 0.0044, 1
2020-04-09, -1, trend, -0.0039, 
2020-04-10, -1, trend, -0.0039, 
2020-04-11, -1, trend, -0.0039, 
2020-04-12, , trend, , 
2020-04-13, , trend, , 
2020-04-14, , trend, , 
2020-04-15, -1, trend, -0.0039, 
2020-04-16, , trend, , 
2020-04-17, , trend, , 
2020-04-18, , trend, , 
2020-04-19, , trend, , 
2020-04-20, , trend, , 
2020-04-21, , trend, , 
2020-04-22, , trend, , 
2020-04-23, , trend, , 
2020-04-24, , trend, , 
2020-04-25, , trend, , 
2020-04-26, , trend, , 
2020-04-27, , trend, , 
2020-04-28, , trend, , 
2020-04-29, , trend, , 
2020-04-30, , trend, , 
2020-05-01, , trend, , 
2020-05-02, , trend, , 
2020-05-03, , trend, , 
2020-05-04, , trend, , 
2020-05-05, , trend, , 
2020-05-06, , trend, , 
2020-05-07, , trend, , 
2020-05-08, , trend, , 
2020-05-09, , trend, , 
2020-05-10, , trend, , 
2020-05-11, , trend, , 
2020-05-12, , trend, , 
2020-05-13, , trend, , 
2020-05-14, , trend, , 
2020-05-15, , trend, , 
2020-05-16, , trend, , 
2020-05-17, , trend, , 
2020-05-18, , trend, , 
2020-05-19, , trend, , 
2020-05-20, , trend, , 
2020-05-21, , trend, , 
2020-05-22, , trend, , 
2020-05-23, , trend, , 
2020-05-24, , trend, , 
2020-05-25, , trend, , 
2020-05-26, , trend, , 
2020-05-27, , trend, , 
2020-05-28, , trend, , 
2020-05-29, , trend, , 
2020-05-30, , trend, , 
2020-05-31, , trend, , 
2020-06-01, , trend, , 
2020-06-02, , trend, , 
2020-06-03, , trend, , 
2020-06-04, , trend, , 
2020-06-05, , trend, , 
2020-06-06, , trend, , 
2020-06-07, , trend, , 
2020-06-08, , trend, , 
2020-06-09, , trend, , 
2020-06-10, , trend, , 
2020-06-11, , trend, , 
2020-06-12, , trend, , 
2020-06-13, , trend, , 
2020-06-14, , trend, , 
2020-06-15, , trend, , 
2020-06-16, , trend, , 
2020-06-17, , trend, , 
2020-06-18, , trend, , 
2020-06-19, , trend, , 
2020-06-20, , trend, , 
2020-06-21, , trend, , 
2020-06-22, , trend, , 
2020-06-23, , trend, , 
2020-06-24, , trend, , 
2020-06-25, , trend, , 
2020-06-26, , trend, , 
2020-06-27, , trend, , 
2020-06-28, , trend, , 
2020-06-29, , trend, , 
2020-06-30, , trend, , 
2020-07-01, , trend, , 
2020-07-02, , trend, , 
2020-07-03, , trend, , 
2020-07-04, , trend, , 
2020-07-05, , trend, , 
2020-07-06, , trend, , 
2020-07-07, , trend, , 
2020-07-08, , trend, , 
2020-07-09, , trend, , 
2020-07-10, , trend, , 
2020-07-11, , trend, , 
2020-07-12, , trend, , 
2020-07-13, , trend, , 
2020-07-14, , trend, , 
2020-07-15, , trend, , 
2020-07-16, , trend, , 
2020-07-17, , trend, , 
2020-07-18, , trend, , 
2020-07-19, , trend, , 
2020-07-20, , trend, , 
2020-07-21, , trend, , 
2020-07-22, , trend, , 
2020-07-23, , trend, , 
2020-07-24, , trend, , 
2020-07-25, , trend, , 
2020-07-26, , trend, , 
2020-07-27, , trend, , 
2020-07-28, , trend, , 
2020-07-29, , trend, , 
2020-07-30, , trend, , 
2020-07-31, , trend, , 
2020-08-01, , trend, , 
2020-08-02, , trend, , 
2020-08-03, , trend, , 
2020-08-04, , trend, , 
2020-08-05, , trend, , 
2020-08-06, , trend, , 
2020-08-07, , trend, , 
2020-08-08, , trend, , 
2020-08-09, , trend, , 
2020-08-10, , trend, , 
2020-08-11, , trend, , 
2020-08-12, , trend, , 
2020-08-13, , trend, , 
2020-08-14, , trend, , 
2020-08-15, , trend, , 
2020-08-16, , trend, , 
2020-08-17, , trend, , 
2020-08-18, , trend, , 
2020-08-19, , trend, , 
2020-08-20, , trend, , 
2020-08-21, , trend, , 
2020-08-22, , trend, , 
2020-08-23, , trend, , 
2020-08-24, , trend, , 
2020-08-25, , trend, , 
2020-08-26, , trend, , 
2020-08-27, , trend, , 
2020-08-28, , trend, , 
2020-08-29, , trend, , 
2020-08-30, , trend, , 
2020-08-31, , trend, , 
2020-09-01, , trend, , 
2020-09-02, , trend, , 
2020-09-03, , trend, , 
2020-09-04, , trend, , 
2020-09-05, , trend, , 
2020-09-06, , trend, , 
2020-09-07, , trend, , 
2020-09-08, , trend, , 
2020-09-09, , trend, , 
2020-09-10, , trend, , 
2020-09-11, , trend, , 
2020-09-12, , trend, , 
2020-09-13, , trend, , 
2020-09-14, , trend, , 
2020-09-15, , trend, , 
2020-09-16, , trend, , 
2020-09-17, , trend, , 
2020-09-18, , trend, , 
2020-09-19, , trend, , 
2020-09-20, , trend, , 
2020-09-21, , trend, , 
2020-09-22, , trend, , 
2020-09-23, , trend, , 
2020-09-24, , trend, , 
2020-09-25, , trend, , 
2020-09-26, , trend, , 
2020-09-27, , trend, , 
2020-09-28, , trend, , 
2020-09-29, , trend, , 
2020-09-30, , trend, , 
2020-10-01, , trend, , 
2020-10-02, , trend, , 
2020-10-03, , trend, , 
2020-10-04, , trend, , 
2020-10-05, , trend, , 
2020-10-06, , trend, , 
2020-10-07, , trend, , 
2020-10-08, , trend, , 
2020-10-09, , trend, , 
2020-10-10, , trend, , 
2020-10-11, , trend, , 
2020-10-12, , trend, , 
2020-10-13, , trend, , 
2020-10-14, , trend, , 
2020-10-15, , trend, , 
2020-10-16, , trend, , 
2020-10-17, , trend, , 
2020-10-18, , trend, , 
2020-10-19, , trend, , 
2020-10-20, , trend, , 
2020-10-21, , trend, , 
2020-10-22, , trend, , 
2020-10-23, , trend, , 
2020-10-24, , trend, , 
2020-10-25, , trend, , 
2020-10-26, , trend, , 
2020-10-27, , trend, , 
2020-10-28, , trend, , 
2020-10-29, , trend, , 
2020-10-30, , trend, , 
2020-10-31, , trend, , 
2020-11-01, , trend, , 
2020-11-02, , trend, , 
2020-11-03, , trend, , 
2020-11-04, , trend, , 
2020-11-05, , trend, , 
2020-11-06, , trend, , 
2020-11-07, , trend, , 
2020-11-08, , trend, , 
2020-11-09, , trend, , 
2020-11-10, , trend, , 
2020-11-11, , trend, , 
2020-11-12, , trend, , 
2020-11-13, , trend, , 
2020-11-14, , trend, , 
2020-11-15, , trend, , 
2020-11-16, , trend, , 
2020-11-17, , trend, , 
2020-11-18, , trend, , 
2020-11-19, , trend, , 
2020-11-20, , trend, , 
2020-11-21, , trend, , 
2020-11-22, , trend, , 
2020-11-23, , trend, , 
2020-11-24, , trend, , 
2020-11-25, 1, trend, 0.0044, 1
2020-11-26, 1, trend, 0.0044, 1
2020-11-27, 1, trend, 0.0044, 1
2020-11-28, 1, trend, 0.0044, 1
2020-11-29, 2, trend, 0.0088, 2
2020-11-30, 2, trend, 0.0088, 2
2020-12-01, 2, trend, 0.0088, 2
2020-12-02, -1, trend, -0.0039, 
2020-12-03, , trend, , 1
2020-12-04, 2, trend, 0.0088, 3
2020-12-05, 3, trend, 0.0133, 4
2020-12-06, 1, trend, 0.0044, 3
2020-12-07, 1, trend, 0.0044, 3
2020-12-08, 2, trend, 0.0088, 4
2020-12-09, 5, trend, 0.0221, 5
2020-12-10, 4, trend, 0.0177, 5
2020-12-11, 3, trend, 0.0133, 6
2020-12-12, 2, trend, 0.0088, 6
2020-12-13, 5, trend, 0.0221, 8
2020-12-14, 5, trend, 0.0221, 8
2020-12-15, 4, trend, 0.0177, 8
2020-12-16, 5, trend, 0.0221, 10
2020-12-17, 7, trend, 0.031, 12
2020-12-18, 6, trend, 0.0265, 12
2020-12-19, 6, trend, 0.0265, 12
2020-12-20, 4, trend, 0.0177, 12
2020-12-21, 4, trend, 0.0177, 12
2020-12-22, 4, trend, 0.0177, 12
2020-12-23, 4, trend, 0.0177, 14
2020-12-24, 5, trend, 0.0221, 17
2020-12-25, 2, trend, 0.0088, 14
2020-12-26, 1, trend, 0.0044, 13
2020-12-27, -6, trend, -0.0233, 6
2020-12-28, -5, trend, -0.0195, 7
2020-12-29, -7, trend, -0.0272, 5
2020-12-30, -9, trend, -0.035, 5
2020-12-31, -12, trend, -0.0467, 5
2021-01-01, -11, trend, -0.0428, 3
2021-01-02, -11, trend, -0.0428, 2
2021-01-03, -4, trend, -0.0156, 2
2021-01-04, -5, trend, -0.0195, 2
2021-01-05, -3, trend, -0.0117, 2
2021-01-06, -5, trend, -0.0195, 
2021-01-07, -4, trend, -0.0156, 1
2021-01-08, -2, trend, -0.0078, 1
2021-01-09, 5, trend, 0.0221, 7
2021-01-10, 5, trend, 0.0221, 7
2021-01-11, 5, trend, 0.0221, 7
2021-01-12, 6, trend, 0.0265, 8
2021-01-13, 5, trend, 0.0221, 5
2021-01-14, 4, trend, 0.0177, 5
2021-01-15, 4, trend, 0.0177, 5
2021-01-16, -5, trend, -0.0195, 2
2021-01-17, -5, trend, -0.0195, 2
2021-01-18, -6, trend, -0.0233, 1
2021-01-19, -8, trend, -0.0311, 
2021-01-20, -5, trend, -0.0195, 
2021-01-21, -5, trend, -0.0195, 
2021-01-22, -5, trend, -0.0195, 
2021-01-23, -2, trend, -0.0078, 
2021-01-24, -2, trend, -0.0078, 
2021-01-25, -1, trend, -0.0039, 
2021-01-26, , trend, , 
2021-01-27, , trend, , 
2021-01-28, , trend, , 
2021-01-29, , trend, , 
2021-01-30, , trend, , 
2021-01-31, , trend, , 
2021-02-01, , trend, , 
2021-02-02, , trend, , 
2021-02-03, , trend, , 
2021-02-04, , trend, , 
2021-02-05, , trend, , 
2021-02-06, , trend, , 
2021-02-07, , trend, , 
2021-02-08, , trend, , 
2021-02-09, , trend, , 
2021-02-10, , trend, , 
2021-02-11, , trend, , 
2021-02-12, , trend, , 
2021-02-13, , trend, , 
2021-02-14, , trend, , 
2021-02-15, , trend, , 
2021-02-16, , trend, , 
2021-02-17, , trend, , 
2021-02-18, , trend, , 
2021-02-19, , trend, , 
2021-02-20, , trend, , 
2021-02-21, , trend, , 
2021-02-22, , trend, , 
2021-02-23, , trend, , 
2021-02-24, , trend, , 
2021-02-25, , trend, , 
2021-02-26, , trend, , 
2021-02-27, , trend, , 
2021-02-28, , trend, , 
2021-03-01, , trend, , 
2021-03-02, , trend, , 
2021-03-03, , trend, , 
2021-03-04, , trend, , 
2021-03-05, , trend, , 
2021-03-06, , trend, , 
2021-03-07, , trend, , 
2021-03-08, , trend, , 
2021-03-09, , trend, , 
2021-03-10, , trend, , 
2021-03-11, , trend, , 
2021-03-12, , trend, , 
2021-03-13, , trend, , 
2021-03-14, , trend, , 
2021-03-15, 1, trend, 0.0044, 1
2021-03-16, 1, trend, 0.0044, 1
2021-03-17, 1, trend, 0.0044, 1
2021-03-18, 1, trend, 0.0044, 1
2021-03-19, 1, trend, 0.0044, 1
2021-03-20, 1, trend, 0.0044, 1
2021-03-21, 1, trend, 0.0044, 1
2021-03-22, , trend, , 1
2021-03-23, , trend, , 1
2021-03-24, , trend, , 1
2021-03-25, , trend, , 1
2021-03-26, , trend, , 1
2021-03-27, , trend, , 1
2021-03-28, , trend, , 1
2021-03-29, , trend, , 1
2021-03-30, , trend, , 1
2021-03-31, , trend, , 1
2021-04-01, , trend, , 1
2021-04-02, , trend, , 1
2021-04-03, , trend, , 1
2021-04-04, , trend, , 1
2021-04-05, -1, trend, -0.0039, 
2021-04-06, -1, trend, -0.0039, 
2021-04-07, -1, trend, -0.0039, 
2021-04-08, -1, trend, -0.0039, 
2021-04-09, , trend, , 1
2021-04-10, , trend, , 1
2021-04-11, 1, trend, 0.0044, 2
2021-04-12, 1, trend, 0.0044, 1
2021-04-13, 2, trend, 0.0088, 2
2021-04-14, 2, trend, 0.0088, 2
2021-04-15, 2, trend, 0.0088, 2
2021-04-16, , trend, , 1
2021-04-17, -1, trend, -0.0039, 
2021-04-18, -2, trend, -0.0078, 
2021-04-19, -1, trend, -0.0039, 
2021-04-20, -2, trend, -0.0078, 
2021-04-21, -2, trend, -0.0078, 
2021-04-22, -2, trend, -0.0078, 
2021-04-23, -1, trend, -0.0039, 
2021-04-24, , trend, , 
2021-04-25, , trend, , 
2021-04-26, , trend, , 
2021-04-27, , trend, , 
2021-04-28, , trend, , 
2021-04-29, , trend, , 
2021-04-30, , trend, , 
2021-05-01, , trend, , 
2021-05-02, , trend, , 
2021-05-03, 1, trend, 0.0044, 1
2021-05-04, 1, trend, 0.0044, 1
2021-05-05, 1, trend, 0.0044, 1
2021-05-06, 1, trend, 0.0044, 1
2021-05-07, , trend, , 
2021-05-08, , trend, , 
2021-05-09, , trend, , 
2021-05-10, -1, trend, -0.0039, 
2021-05-11, -1, trend, -0.0039, 
2021-05-12, -1, trend, -0.0039, 
2021-05-13, -1, trend, -0.0039, 
2021-05-14, , trend, , 
2021-05-15, , trend, , 
2021-05-16, , trend, , 
2021-05-17, , trend, , 
2021-05-18, , trend, , 
2021-05-19, , trend, , 
2021-05-20, , trend, , 
2021-05-21, , trend, , 
2021-05-22, , trend, , 
2021-05-23, , trend, , 
2021-05-24, , trend, , 
2021-05-25, , trend, , 
2021-05-26, , trend, , 
2021-05-27, , trend, , 
2021-05-28, , trend, , 
2021-05-29, , trend, , 
2021-05-30, , trend, , 
2021-05-31, , trend, , 
2021-06-01, , trend, , 
2021-06-02, , trend, , 
2021-06-03, , trend, , 
2021-06-04, , trend, , 
2021-06-05, , trend, , 
2021-06-06, , trend, , 
2021-06-07, , trend, , 
2021-06-08, , trend, , 
2021-06-09, , trend, , 
2021-06-10, , trend, , 
2021-06-11, , trend, , 
2021-06-12, , trend, , 
2021-06-13, , trend, , 
2021-06-14, , trend, , 
2021-06-15, , trend, , 
2021-06-16, , trend, , 
2021-06-17, , trend, , 
2021-06-18, , trend, , 
2021-06-19, , trend, , 
2021-06-20, , trend, , 
2021-06-21, , trend, , 
2021-06-22, , trend, , 
2021-06-23, , trend, , 
2021-06-24, , trend, , 
2021-06-25, , trend, , 
2021-06-26, , trend, , 
2021-06-27, , trend, , 
2021-06-28, , trend, , 
2021-06-29, , trend, , 
2021-06-30, , trend, , 
2021-07-01, , trend, , 
2021-07-02, , trend, , 
2021-07-03, , trend, , 
2021-07-04, , trend, , 
2021-07-05, , trend, , 
2021-07-06, , trend, , 
2021-07-07, , trend, , 
2021-07-08, , trend, , 
2021-07-09, , trend, , 
2021-07-10, , trend, , 
2021-07-11, , trend, , 
2021-07-12, , trend, , 
2021-07-13, , trend, , 
2021-07-14, , trend, , 
2021-07-15, , trend, , 
2021-07-16, , trend, , 
2021-07-17, , trend, , 
2021-07-18, , trend, , 
2021-07-19, , trend, , 
2021-07-20, , trend, , 
2021-07-21, , trend, , 
2021-07-22, , trend, , 
2021-07-23, , trend, , 
2021-07-24, , trend, , 
2021-07-25, , trend, , 
2021-07-26, , trend, , 
2021-07-27, , trend, , 
2021-07-28, , trend, , 
2021-07-29, , trend, , 
2021-07-30, , trend, , 
2021-07-31, , trend, , 
2021-08-01, , trend, , 
2021-08-02, , trend, , 
2021-08-03, , trend, , 
2021-08-04, , trend, , 
2021-08-05, , trend, , 
2021-08-06, , trend, , 
2021-08-07, , trend, , 
2021-08-08, , trend, , 
2021-08-09, , trend, , 
2021-08-10, , trend, , 
2021-08-11, , trend, , 
2021-08-12, , trend, , 
2021-08-13, , trend, , 
2021-08-14, , trend, , 
2021-08-15, , trend, , 
2021-08-16, , trend, , 
2021-08-17, , trend, , 
2021-08-18, , trend, , 
2021-08-19, , trend, , 
2021-08-20, , trend, , 
2021-08-21, , trend, , 
2021-08-22, , trend, , 
2021-08-23, , trend, , 
2021-08-24, , trend, , 
2021-08-25, , trend, , 
2021-08-26, , trend, , 
2021-08-27, , trend, , 
2021-08-28, , trend, , 
2021-08-29, , trend, , 
2021-08-30, , trend, , 
2021-08-31, , trend, , 
2021-09-01, , trend, , 
2021-09-02, , trend, , 
2021-09-03, , trend, , 
2021-09-04, , trend, , 
2021-09-05, , trend, , 
2021-09-06, , trend, , 
2021-09-07, , trend, , 
2021-09-08, , trend, , 
2021-09-09, , trend, , 
2021-09-10, , trend, , 
2021-09-11, , trend, , 
2021-09-12, , trend, , 
2021-09-13, , trend, , 
2021-09-14, , trend, , 
2021-09-15, , trend, , 
2021-09-16, , trend, , 
2021-09-17, , trend, , 
2021-09-18, , trend, , 
2021-09-19, , trend, , 
2021-09-20, , trend, , 
2021-09-21, , trend, , 
2021-09-22, , trend, , 
2021-09-23, , trend, , 
2021-09-24, , trend, , 
2021-09-25, , trend, , 
2021-09-26, , trend, , 
2021-09-27, , trend, , 
2021-09-28, , trend, , 
2021-09-29, , trend, , 
2021-09-30, , trend, , 
2021-10-01, , trend, , 
2021-10-02, , trend, , 
2021-10-03, , trend, , 
2021-10-04, , trend, , 
2021-10-05, , trend, , 
2021-10-06, , trend, , 
2021-10-07, , trend, , 
2021-10-08, , trend, , 
2021-10-09, , trend, , 
2021-10-10, , trend, , 
2021-10-11, , trend, , 
2021-10-12, , trend, , 
2021-10-13, , trend, , 
2021-10-14, , trend, , 
2021-10-15, , trend, , 
2021-10-16, , trend, , 
2021-10-17, , trend, , 
2021-10-18, , trend, , 
2021-10-19, , trend, , 
2021-10-20, , trend, , 
2021-10-21, , trend, , 
2021-10-22, , trend, , 
2021-10-23, , trend, , 
2021-10-24, 2, trend, 0.0088, 2
2021-10-25, 1, trend, 0.0044, 1
2021-10-26, 1, trend, 0.0044, 1
2021-10-27, 3, trend, 0.0133, 3
2021-10-28, 4, trend, 0.0177, 4
2021-10-29, 7, trend, 0.031, 7
2021-10-30, 8, trend, 0.0354, 8
2021-10-31, 6, trend, 0.0265, 8
2021-11-01, 8, trend, 0.0354, 9
2021-11-02, 10, trend, 0.0442, 11
2021-11-03, 5, trend, 0.0221, 8
2021-11-04, 10, trend, 0.0442, 14
2021-11-05, 10, trend, 0.0442, 17
2021-11-06, 13, trend, 0.0575, 21
2021-11-07, 22, trend, 0.0973, 30
2021-11-08, 25, trend, 0.1106, 34
2021-11-09, 27, trend, 0.1195, 38
2021-11-10, 37, trend, 0.1637, 45
2021-11-11, 42, trend, 0.1858, 56
2021-11-12, 47, trend, 0.208, 64
2021-11-13, 52, trend, 0.2301, 73
2021-11-14, 50, trend, 0.2212, 80
2021-11-15, 54, trend, 0.2389, 88
2021-11-16, 59, trend, 0.2611, 97
2021-11-17, 62, trend, 0.2743, 107
2021-11-18, 61, trend, 0.2699, 117
2021-11-19, 61, trend, 0.2699, 125
2021-11-20, 65, trend, 0.2876, 138
2021-11-21, 59, trend, 0.2611, 139
2021-11-22, 59, trend, 0.2611, 147
2021-11-23, 61, trend, 0.2699, 158
2021-11-24, 56, trend, 0.2478, 163
2021-11-25, 43, trend, 0.1903, 160
2021-11-26, 45, trend, 0.1991, 170
2021-11-27, 35, trend, 0.1549, 173
2021-11-28, 36, trend, 0.1593, 175
2021-11-29, 31, trend, 0.1372, 178
2021-11-30, 12, trend, 0.0531, 170
2021-12-01, 4, trend, 0.0177, 167
2021-12-02, 5, trend, 0.0221, 165
2021-12-03, -9, trend, -0.035, 161
2021-12-04, -13, trend, -0.0506, 160
2021-12-05, -24, trend, -0.0934, 151
2021-12-06, -27, trend, -0.1051, 151
2021-12-07, -15, trend, -0.0584, 155
2021-12-08, -24, trend, -0.0934, 143
2021-12-09, -25, trend, -0.0973, 140
2021-12-10, -32, trend, -0.1245, 129
2021-12-11, -40, trend, -0.1556, 120
2021-12-12, -38, trend, -0.1479, 113
2021-12-13, -43, trend, -0.1673, 108
2021-12-14, -55, trend, -0.214, 100
2021-12-15, -47, trend, -0.1829, 96
2021-12-16, -58, trend, -0.2257, 82
2021-12-17, -50, trend, -0.1946, 79
2021-12-18, -47, trend, -0.1829, 73
2021-12-19, -42, trend, -0.1634, 71
2021-12-20, -39, trend, -0.1518, 69
2021-12-21, -34, trend, -0.1323, 66
2021-12-22, -36, trend, -0.1401, 60
2021-12-23, -22, trend, -0.0856, 60
2021-12-24, -29, trend, -0.1128, 50
2021-12-25, -35, trend, -0.1362, 38
2021-12-26, -43, trend, -0.1673, 28
2021-12-27, -42, trend, -0.1634, 27
2021-12-28, -43, trend, -0.1673, 23
2021-12-29, -47, trend, -0.1829, 13
2021-12-30, -50, trend, -0.1946, 10
2021-12-31, -41, trend, -0.1595, 9
2022-01-01, -28, trend, -0.1089, 10
2022-01-02, -18, trend, -0.07, 10
2022-01-03, -16, trend, -0.0623, 11
2022-01-04, -12, trend, -0.0467, 11
2022-01-05, 9, trend, 0.0398, 22
2022-01-06, 17, trend, 0.0752, 27
2022-01-07, 31, trend, 0.1372, 40
2022-01-08, 41, trend, 0.1814, 51
2022-01-09, 50, trend, 0.2212, 60
2022-01-10, 50, trend, 0.2212, 61
2022-01-11, 55, trend, 0.2434, 66
2022-01-12, 60, trend, 0.2655, 82
2022-01-13, 83, trend, 0.3673, 110
2022-01-14, 104, trend, 0.4602, 144
2022-01-15, 125, trend, 0.5531, 176
2022-01-16, 133, trend, 0.5885, 193
2022-01-17, 143, trend, 0.6327, 204
2022-01-18, 160, trend, 0.708, 226
2022-01-19, 177, trend, 0.7832, 259
2022-01-20, 175, trend, 0.7743, 285
2022-01-21, 162, trend, 0.7168, 306
2022-01-22, 153, trend, 0.677, 329
2022-01-23, 148, trend, 0.6549, 341
2022-01-24, 140, trend, 0.6195, 344
2022-01-25, 127, trend, 0.5619, 353
2022-01-26, 109, trend, 0.4823, 368
2022-01-27, 90, trend, 0.3982, 375
2022-01-28, 76, trend, 0.3363, 382
2022-01-29, 55, trend, 0.2434, 384
2022-01-30, 47, trend, 0.208, 388
2022-01-31, 44, trend, 0.1947, 388
2022-02-01, 38, trend, 0.1681, 391
2022-02-02, 32, trend, 0.1416, 400
2022-02-03, 29, trend, 0.1283, 404
2022-02-04, 24, trend, 0.1062, 406
2022-02-05, 25, trend, 0.1106, 409
2022-02-06, 21, trend, 0.0929, 409
2022-02-07, 21, trend, 0.0929, 409
2022-02-08, 20, trend, 0.0885, 411
2022-02-09, 11, trend, 0.0487, 411
2022-02-10, 7, trend, 0.031, 411
2022-02-11, 5, trend, 0.0221, 411
2022-02-12, 2, trend, 0.0088, 411
2022-02-13, 2, trend, 0.0088, 411
2022-02-14, 2, trend, 0.0088, 411
2022-02-15, , trend, , 411
2022-02-16, , trend, , 411
2022-02-17, -1, trend, -0.0039, 410
2022-02-18, -1, trend, -0.0039, 410
2022-02-19, -1, trend, -0.0039, 410
2022-02-20, -1, trend, -0.0039, 410
2022-02-21, -1, trend, -0.0039, 410
2022-02-22, -1, trend, -0.0039, 410
2022-02-23, -1, trend, -0.0039, 410
2022-02-24, , trend, , 410
2022-02-25, 1, trend, 0.0044, 411
2022-02-26, 1, trend, 0.0044, 411
2022-02-27, 1, trend, 0.0044, 411
2022-02-28, 1, trend, 0.0044, 411
2022-03-01, 1, trend, 0.0044, 411
2022-03-02, 1, trend, 0.0044, 411
2022-03-03, 1, trend, 0.0044, 411
2022-03-04, , trend, , 411
2022-03-05, , trend, , 411
2022-03-06, , trend, , 411
2022-03-07, , trend, , 411
2022-03-08, -1, trend, -0.0039, 410
2022-03-09, -2, trend, -0.0078, 409
2022-03-10, -1, trend, -0.0039, 410
2022-03-11, -1, trend, -0.0039, 410
2022-03-12, -1, trend, -0.0039, 410
2022-03-13, -1, trend, -0.0039, 410
2022-03-14, -1, trend, -0.0039, 410
2022-03-15, , trend, , 410
2022-03-16, 1, trend, 0.0044, 410
2022-03-17, 1, trend, 0.0044, 411
2022-03-18, 1, trend, 0.0044, 411
2022-03-19, 1, trend, 0.0044, 411
2022-03-20, 1, trend, 0.0044, 411
2022-03-21, 1, trend, 0.0044, 411
2022-03-22, , trend, , 410
2022-03-23, , trend, , 410
2022-03-24, -1, trend, -0.0039, 410
2022-03-25, , trend, , 411
2022-03-26, , trend, , 411
2022-03-27, , trend, , 411
2022-03-28, , trend, , 411
2022-03-29, 1, trend, 0.0044, 411
2022-03-30, 1, trend, 0.0044, 411
2022-03-31, 1, trend, 0.0044, 411
2022-04-01, , trend, , 411
2022-04-02, , trend, , 411
2022-04-03, , trend, , 411
2022-04-04, , trend, , 411
2022-04-05, , trend, , 411
2022-04-06, , trend, , 411
2022-04-07, , trend, , 411
2022-04-08, , trend, , 411
2022-04-09, , trend, , 411
2022-04-10, , trend, , 411
2022-04-11, , trend, , 411
2022-04-12, -1, trend, -0.0039, 410
2022-04-13, -3, trend, -0.0117, 408
2022-04-14, -6, trend, -0.0233, 405
2022-04-15, -6, trend, -0.0233, 405
2022-04-16, -15, trend, -0.0584, 396
2022-04-17, -18, trend, -0.07, 393
2022-04-18, -19, trend, -0.0739, 392
2022-04-19, -48, trend, -0.1868, 362
2022-04-20, -46, trend, -0.179, 362
2022-04-21, -37, trend, -0.144, 368
2022-04-22, -33, trend, -0.1284, 372
2022-04-23, -13, trend, -0.0506, 383
2022-04-24, -7, trend, -0.0272, 386
2022-04-25, -7, trend, -0.0272, 385
2022-04-26, 38, trend, 0.1681, 400
2022-04-27, 30, trend, 0.1327, 392
2022-04-28, 16, trend, 0.0708, 384
2022-04-29, 4, trend, 0.0177, 376
2022-04-30, -20, trend, -0.0778, 363
2022-05-01, -30, trend, -0.1167, 356
2022-05-02, -33, trend, -0.1284, 352
2022-05-03, -64, trend, -0.249, 336
2022-05-04, -81, trend, -0.3152, 311
2022-05-05, -91, trend, -0.3541, 293
2022-05-06, -104, trend, -0.4047, 272
2022-05-07, -97, trend, -0.3774, 266
2022-05-08, -94, trend, -0.3658, 262
2022-05-09, -92, trend, -0.358, 260
2022-05-10, -83, trend, -0.323, 253
2022-05-11, -76, trend, -0.2957, 235
2022-05-12, -69, trend, -0.2685, 224
2022-05-13, -61, trend, -0.2374, 211
2022-05-14, -67, trend, -0.2607, 199
2022-05-15, -71, trend, -0.2763, 191
2022-05-16, -72, trend, -0.2802, 188
2022-05-17, -84, trend, -0.3268, 169
2022-05-18, -104, trend, -0.4047, 131
2022-05-19, -135, trend, -0.5253, 89
2022-05-20, -142, trend, -0.5525, 69
2022-05-21, -148, trend, -0.5759, 51
2022-05-22, -143, trend, -0.5564, 48
2022-05-23, -140, trend, -0.5447, 48
2022-05-24, -135, trend, -0.5253, 34
2022-05-25, -111, trend, -0.4319, 20
2022-05-26, -76, trend, -0.2957, 13
2022-05-27, -64, trend, -0.249, 5
2022-05-28, -48, trend, -0.1868, 3
2022-05-29, -46, trend, -0.179, 2
2022-05-30, -46, trend, -0.179, 2
2022-05-31, -32, trend, -0.1245, 2
2022-06-01, -19, trend, -0.0739, 1
2022-06-02, -12, trend, -0.0467, 1
2022-06-03, 13, trend, 0.0575, 18
2022-06-04, 19, trend, 0.0841, 22
2022-06-05, 23, trend, 0.1018, 25
2022-06-06, 23, trend, 0.1018, 25
2022-06-07, 7, trend, 0.031, 9
2022-06-08, 16, trend, 0.0708, 17
2022-06-09, 35, trend, 0.1549, 36
2022-06-10, 46, trend, 0.2035, 64
2022-06-11, 63, trend, 0.2788, 85
2022-06-12, 67, trend, 0.2965, 92
2022-06-13, 72, trend, 0.3186, 97
2022-06-14, 148, trend, 0.6549, 157
2022-06-15, 157, trend, 0.6947, 174
2022-06-16, 135, trend, 0.5973, 171
2022-06-17, 81, trend, 0.3584, 145
2022-06-18, 72, trend, 0.3186, 157
2022-06-19, 66, trend, 0.292, 158
2022-06-20, 60, trend, 0.2655, 157
2022-06-21, 14, trend, 0.0619, 171
2022-06-22, 22, trend, 0.0973, 196
2022-06-23, 50, trend, 0.2212, 221
2022-06-24, 140, trend, 0.6195, 285
2022-06-25, 133, trend, 0.5885, 290
2022-06-26, 130, trend, 0.5752, 288
2022-06-27, 134, trend, 0.5929, 291
2022-06-28, 122, trend, 0.5398, 293
2022-06-29, 103, trend, 0.4558, 299
2022-06-30, 91, trend, 0.4027, 312
2022-07-01, 34, trend, 0.1504, 319
2022-07-02, 36, trend, 0.1593, 326
2022-07-03, 38, trend, 0.1681, 326
2022-07-04, 37, trend, 0.1637, 328
2022-07-05, 40, trend, 0.177, 333
2022-07-06, 34, trend, 0.1504, 333
2022-07-07, 28, trend, 0.1239, 340
2022-07-08, 24, trend, 0.1062, 343
2022-07-09, 19, trend, 0.0841, 345
2022-07-10, 20, trend, 0.0885, 346
2022-07-11, 17, trend, 0.0752, 345
2022-07-12, 16, trend, 0.0708, 349
2022-07-13, 21, trend, 0.0929, 354
2022-07-14, 17, trend, 0.0752, 357
2022-07-15, 15, trend, 0.0664, 358
2022-07-16, 14, trend, 0.0619, 359
2022-07-17, 15, trend, 0.0664, 361
2022-07-18, 17, trend, 0.0752, 362
2022-07-19, 19, trend, 0.0841, 368
2022-07-20, 13, trend, 0.0575, 367
2022-07-21, 8, trend, 0.0354, 365
2022-07-22, 9, trend, 0.0398, 367
2022-07-23, 6, trend, 0.0265, 365
2022-07-24, 3, trend, 0.0133, 364
2022-07-25, 2, trend, 0.0088, 364
2022-07-26, -9, trend, -0.035, 359
2022-07-27, -16, trend, -0.0623, 351
2022-07-28, -26, trend, -0.1012, 339
2022-07-29, -44, trend, -0.1712, 323
2022-07-30, -62, trend, -0.2412, 303
2022-07-31, -69, trend, -0.2685, 295
2022-08-01, -77, trend, -0.2996, 287
2022-08-02, -97, trend, -0.3774, 262
2022-08-03, -136, trend, -0.5292, 215
2022-08-04, -171, trend, -0.6654, 168
2022-08-05, -196, trend, -0.7626, 127
2022-08-06, -204, trend, -0.7938, 99
2022-08-07, -196, trend, -0.7626, 99
2022-08-08, -189, trend, -0.7354, 98
2022-08-09, -183, trend, -0.7121, 79
2022-08-10, -166, trend, -0.6459, 49
2022-08-11, -135, trend, -0.5253, 33
2022-08-12, -97, trend, -0.3774, 30
2022-08-13, -73, trend, -0.284, 26
2022-08-14, -73, trend, -0.284, 26
2022-08-15, -73, trend, -0.284, 25
2022-08-16, -54, trend, -0.2101, 25
2022-08-17, -24, trend, -0.0934, 25
2022-08-18, -12, trend, -0.0467, 21
2022-08-19, -12, trend, -0.0467, 18
2022-08-20, -11, trend, -0.0428, 15
2022-08-21, -10, trend, -0.0389, 16
2022-08-22, -9, trend, -0.035, 16
2022-08-23, -11, trend, -0.0428, 14
2022-08-24, -13, trend, -0.0506, 12
2022-08-25, -6, trend, -0.0233, 15
2022-08-26, -3, trend, -0.0117, 15
2022-08-27, -1, trend, -0.0039, 14
2022-08-28, -3, trend, -0.0117, 13
2022-08-29, -3, trend, -0.0117, 13
2022-08-30, -5, trend, -0.0195, 9
2022-08-31, -6, trend, -0.0233, 6
2022-09-01, -10, trend, -0.0389, 5
2022-09-02, -8, trend, -0.0311, 7
2022-09-03, -8, trend, -0.0311, 6
2022-09-04, -7, trend, -0.0272, 6
2022-09-05, -7, trend, -0.0272, 6
2022-09-06, -8, trend, -0.0311, 1
2022-09-07, -5, trend, -0.0195, 1
2022-09-08, -4, trend, -0.0156, 1
2022-09-09, -5, trend, -0.0195, 2
2022-09-10, -2, trend, -0.0078, 4
2022-09-11, -2, trend, -0.0078, 4
2022-09-12, -2, trend, -0.0078, 4
2022-09-13, 5, trend, 0.0221, 6
2022-09-14, 6, trend, 0.0265, 7
2022-09-15, 8, trend, 0.0354, 9
2022-09-16, 7, trend, 0.031, 9
2022-09-17, 6, trend, 0.0265, 10
2022-09-18, 9, trend, 0.0398, 13
2022-09-19, 9, trend, 0.0398, 13
2022-09-20, 8, trend, 0.0354, 14
2022-09-21, 12, trend, 0.0531, 19
2022-09-22, 14, trend, 0.0619, 23
2022-09-23, 18, trend, 0.0796, 27
2022-09-24, 27, trend, 0.1195, 37
2022-09-25, 28, trend, 0.1239, 41
2022-09-26, 27, trend, 0.1195, 40
2022-09-27, 58, trend, 0.2566, 72
2022-09-28, 101, trend, 0.4469, 120
2022-09-29, 161, trend, 0.7124, 184
2022-09-30, 195, trend, 0.8628, 222
2022-10-01, 216, trend, 0.9558, 253
2022-10-02, 213, trend, 0.9425, 254
2022-10-03, 218, trend, 0.9646, 258
2022-10-04, 93, trend, 0.4115, 165
2022-10-05, 87, trend, 0.385, 207
2022-10-06, 97, trend, 0.4292, 281
2022-10-07, 115, trend, 0.5088, 337
2022-10-08, 105, trend, 0.4646, 358
2022-10-09, 105, trend, 0.4646, 359
2022-10-10, 105, trend, 0.4646, 363
2022-10-11, 226, trend, 1, 391
2022-10-12, 192, trend, 0.8496, 399
2022-10-13, 115, trend, 0.5088, 396
2022-10-14, 57, trend, 0.2522, 394
2022-10-15, 31, trend, 0.1372, 389
2022-10-16, 29, trend, 0.1283, 388
2022-10-17, 23, trend, 0.1018, 386
2022-10-18, -5, trend, -0.0195, 386
2022-10-19, -16, trend, -0.0623, 383
2022-10-20, -19, trend, -0.0739, 377
2022-10-21, -27, trend, -0.1051, 367
2022-10-22, -34, trend, -0.1323, 355
2022-10-23, -36, trend, -0.1401, 352
2022-10-24, -34, trend, -0.1323, 352
2022-10-25, -67, trend, -0.2607, 319
2022-10-26, -112, trend, -0.4358, 271
2022-10-27, -147, trend, -0.572, 230
2022-10-28, -181, trend, -0.7043, 186
2022-10-29, -201, trend, -0.7821, 154
2022-10-30, -205, trend, -0.7977, 147
2022-10-31, -206, trend, -0.8016, 146
2022-11-01, -255, trend, -0.9922, 64
2022-11-02, -257, trend, -1, 14
2022-11-03, -213, trend, -0.8288, 17
2022-11-04, -174, trend, -0.677, 12
2022-11-05, -145, trend, -0.5642, 9
2022-11-06, -140, trend, -0.5447, 7
2022-11-07, -139, trend, -0.5409, 7
2022-11-08, -37, trend, -0.144, 27
2022-11-09, 5, trend, 0.0221, 19
2022-11-10, -13, trend, -0.0506, 4
2022-11-11, -11, trend, -0.0428, 1
2022-11-12, -9, trend, -0.035, 
2022-11-13, -7, trend, -0.0272, 
2022-11-14, -7, trend, -0.0272, 
2022-11-15, -27, trend, -0.1051, 
2022-11-16, -18, trend, -0.07, 1
2022-11-17, -3, trend, -0.0117, 1
2022-11-18, , trend, , 1
2022-11-19, 1, trend, 0.0044, 1
2022-11-20, 1, trend, 0.0044, 1
2022-11-21, 1, trend, 0.0044, 1
2022-11-22, 1, trend, 0.0044, 1
2022-11-23, -1, trend, -0.0039, 
2022-11-24, , trend, , 1
2022-11-25, -1, trend, -0.0039, 
2022-11-26, , trend, , 1
2022-11-27, 1, trend, 0.0044, 2
2022-11-28, 1, trend, 0.0044, 2
2022-11-29, 1, trend, 0.0044, 2
2022-11-30, 5, trend, 0.0221, 5
2022-12-01, 3, trend, 0.0133, 4
